Number,Level/Layer,Parameter,Forecast Valid,Description
1,mean sea level,PRMSL,3 hour fcst,Pressure Reduced to MSL [Pa]
2,1 hybrid level,CLWMR,3 hour fcst,Cloud Mixing Ratio [kg/kg]
3,1 hybrid level,ICMR,3 hour fcst,Ice Water Mixing Ratio [kg/kg]
4,1 hybrid level,RWMR,3 hour fcst,Rain Mixing Ratio [kg/kg]
5,1 hybrid level,SNMR,3 hour fcst,Snow Mixing Ratio [kg/kg]
6,1 hybrid level,GRLE,3 hour fcst,Graupel [kg/kg]
7,1 hybrid level,REFD,3 hour fcst,Reflectivity [dB]
8,2 hybrid level,REFD,3 hour fcst,Reflectivity [dB]
9,entire atmosphere,REFC,3 hour fcst,Composite reflectivity [dB]
10,surface,VIS,3 hour fcst,Visibility [m]
11,planetary boundary layer,UGRD,3 hour fcst,U-Component of Wind [m/s]
12,planetary boundary layer,VGRD,3 hour fcst,V-Component of Wind [m/s]
13,planetary boundary layer,VRATE,3 hour fcst,Ventilation Rate [m^2/s]
14,surface,GUST,3 hour fcst,Wind Speed (Gust) [m/s]
15,0.01 mb,HGT,3 hour fcst,Geopotential Height [gpm]
16,0.01 mb,TMP,3 hour fcst,Temperature [K]
17,0.01 mb,RH,3 hour fcst,Relative Humidity [%]
18,0.01 mb,SPFH,3 hour fcst,Specific Humidity [kg/kg]
19,0.01 mb,VVEL,3 hour fcst,Vertical Velocity (Pressure) [Pa/s]
20,0.01 mb,DZDT,3 hour fcst,Vertical Velocity (Geometric) [m/s]
21,0.01 mb,UGRD,3 hour fcst,U-Component of Wind [m/s]
22,0.01 mb,VGRD,3 hour fcst,V-Component of Wind [m/s]
23,0.01 mb,ABSV,3 hour fcst,Absolute Vorticity [1/s]
24,0.01 mb,O3MR,3 hour fcst,Ozone Mixing Ratio [kg/kg]
25,0.02 mb,HGT,3 hour fcst,Geopotential Height [gpm]
26,0.02 mb,TMP,3 hour fcst,Temperature [K]
27,0.02 mb,RH,3 hour fcst,Relative Humidity [%]
28,0.02 mb,SPFH,3 hour fcst,Specific Humidity [kg/kg]
29,0.02 mb,VVEL,3 hour fcst,Vertical Velocity (Pressure) [Pa/s]
30,0.02 mb,DZDT,3 hour fcst,Vertical Velocity (Geometric) [m/s]
31,0.02 mb,UGRD,3 hour fcst,U-Component of Wind [m/s]
32,0.02 mb,VGRD,3 hour fcst,V-Component of Wind [m/s]
33,0.02 mb,ABSV,3 hour fcst,Absolute Vorticity [1/s]
34,0.02 mb,O3MR,3 hour fcst,Ozone Mixing Ratio [kg/kg]
35,0.04 mb,HGT,3 hour fcst,Geopotential Height [gpm]
36,0.04 mb,TMP,3 hour fcst,Temperature [K]
37,0.04 mb,RH,3 hour fcst,Relative Humidity [%]
38,0.04 mb,SPFH,3 hour fcst,Specific Humidity [kg/kg]
39,0.04 mb,VVEL,3 hour fcst,Vertical Velocity (Pressure) [Pa/s]
40,0.04 mb,DZDT,3 hour fcst,Vertical Velocity (Geometric) [m/s]
41,0.04 mb,UGRD,3 hour fcst,U-Component of Wind [m/s]
42,0.04 mb,VGRD,3 hour fcst,V-Component of Wind [m/s]
43,0.04 mb,ABSV,3 hour fcst,Absolute Vorticity [1/s]
44,0.04 mb,O3MR,3 hour fcst,Ozone Mixing Ratio [kg/kg]
45,0.07 mb,HGT,3 hour fcst,Geopotential Height [gpm]
46,0.07 mb,TMP,3 hour fcst,Temperature [K]
47,0.07 mb,RH,3 hour fcst,Relative Humidity [%]
48,0.07 mb,SPFH,3 hour fcst,Specific Humidity [kg/kg]
49,0.07 mb,VVEL,3 hour fcst,Vertical Velocity (Pressure) [Pa/s]
50,0.07 mb,DZDT,3 hour fcst,Vertical Velocity (Geometric) [m/s]
51,0.07 mb,UGRD,3 hour fcst,U-Component of Wind [m/s]
52,0.07 mb,VGRD,3 hour fcst,V-Component of Wind [m/s]
53,0.07 mb,ABSV,3 hour fcst,Absolute Vorticity [1/s]
54,0.07 mb,O3MR,3 hour fcst,Ozone Mixing Ratio [kg/kg]
55,0.1 mb,HGT,3 hour fcst,Geopotential Height [gpm]
56,0.1 mb,TMP,3 hour fcst,Temperature [K]
57,0.1 mb,RH,3 hour fcst,Relative Humidity [%]
58,0.1 mb,SPFH,3 hour fcst,Specific Humidity [kg/kg]
59,0.1 mb,VVEL,3 hour fcst,Vertical Velocity (Pressure) [Pa/s]
60,0.1 mb,DZDT,3 hour fcst,Vertical Velocity (Geometric) [m/s]
61,0.1 mb,UGRD,3 hour fcst,U-Component of Wind [m/s]
62,0.1 mb,VGRD,3 hour fcst,V-Component of Wind [m/s]
63,0.1 mb,ABSV,3 hour fcst,Absolute Vorticity [1/s]
64,0.1 mb,O3MR,3 hour fcst,Ozone Mixing Ratio [kg/kg]
65,0.2 mb,HGT,3 hour fcst,Geopotential Height [gpm]
66,0.2 mb,TMP,3 hour fcst,Temperature [K]
67,0.2 mb,RH,3 hour fcst,Relative Humidity [%]
68,0.2 mb,SPFH,3 hour fcst,Specific Humidity [kg/kg]
69,0.2 mb,VVEL,3 hour fcst,Vertical Velocity (Pressure) [Pa/s]
70,0.2 mb,DZDT,3 hour fcst,Vertical Velocity (Geometric) [m/s]
71,0.2 mb,UGRD,3 hour fcst,U-Component of Wind [m/s]
72,0.2 mb,VGRD,3 hour fcst,V-Component of Wind [m/s]
73,0.2 mb,ABSV,3 hour fcst,Absolute Vorticity [1/s]
74,0.2 mb,O3MR,3 hour fcst,Ozone Mixing Ratio [kg/kg]
75,0.4 mb,HGT,3 hour fcst,Geopotential Height [gpm]
76,0.4 mb,TMP,3 hour fcst,Temperature [K]
77,0.4 mb,RH,3 hour fcst,Relative Humidity [%]
78,0.4 mb,SPFH,3 hour fcst,Specific Humidity [kg/kg]
79,0.4 mb,VVEL,3 hour fcst,Vertical Velocity (Pressure) [Pa/s]
80,0.4 mb,DZDT,3 hour fcst,Vertical Velocity (Geometric) [m/s]
81,0.4 mb,UGRD,3 hour fcst,U-Component of Wind [m/s]
82,0.4 mb,VGRD,3 hour fcst,V-Component of Wind [m/s]
83,0.4 mb,ABSV,3 hour fcst,Absolute Vorticity [1/s]
84,0.4 mb,O3MR,3 hour fcst,Ozone Mixing Ratio [kg/kg]
85,0.7 mb,HGT,3 hour fcst,Geopotential Height [gpm]
86,0.7 mb,TMP,3 hour fcst,Temperature [K]
87,0.7 mb,RH,3 hour fcst,Relative Humidity [%]
88,0.7 mb,SPFH,3 hour fcst,Specific Humidity [kg/kg]
89,0.7 mb,VVEL,3 hour fcst,Vertical Velocity (Pressure) [Pa/s]
90,0.7 mb,DZDT,3 hour fcst,Vertical Velocity (Geometric) [m/s]
91,0.7 mb,UGRD,3 hour fcst,U-Component of Wind [m/s]
92,0.7 mb,VGRD,3 hour fcst,V-Component of Wind [m/s]
93,0.7 mb,ABSV,3 hour fcst,Absolute Vorticity [1/s]
94,0.7 mb,O3MR,3 hour fcst,Ozone Mixing Ratio [kg/kg]
95,1 mb,HGT,3 hour fcst,Geopotential Height [gpm]
96,1 mb,TMP,3 hour fcst,Temperature [K]
97,1 mb,RH,3 hour fcst,Relative Humidity [%]
98,1 mb,SPFH,3 hour fcst,Specific Humidity [kg/kg]
99,1 mb,VVEL,3 hour fcst,Vertical Velocity (Pressure) [Pa/s]
100,1 mb,DZDT,3 hour fcst,Vertical Velocity (Geometric) [m/s]
101,1 mb,UGRD,3 hour fcst,U-Component of Wind [m/s]
102,1 mb,VGRD,3 hour fcst,V-Component of Wind [m/s]
103,1 mb,ABSV,3 hour fcst,Absolute Vorticity [1/s]
104,1 mb,O3MR,3 hour fcst,Ozone Mixing Ratio [kg/kg]
105,2 mb,HGT,3 hour fcst,Geopotential Height [gpm]
106,2 mb,TMP,3 hour fcst,Temperature [K]
107,2 mb,RH,3 hour fcst,Relative Humidity [%]
108,2 mb,SPFH,3 hour fcst,Specific Humidity [kg/kg]
109,2 mb,VVEL,3 hour fcst,Vertical Velocity (Pressure) [Pa/s]
110,2 mb,DZDT,3 hour fcst,Vertical Velocity (Geometric) [m/s]
111,2 mb,UGRD,3 hour fcst,U-Component of Wind [m/s]
112,2 mb,VGRD,3 hour fcst,V-Component of Wind [m/s]
113,2 mb,ABSV,3 hour fcst,Absolute Vorticity [1/s]
114,2 mb,O3MR,3 hour fcst,Ozone Mixing Ratio [kg/kg]
115,3 mb,HGT,3 hour fcst,Geopotential Height [gpm]
116,3 mb,TMP,3 hour fcst,Temperature [K]
117,3 mb,RH,3 hour fcst,Relative Humidity [%]
118,3 mb,SPFH,3 hour fcst,Specific Humidity [kg/kg]
119,3 mb,VVEL,3 hour fcst,Vertical Velocity (Pressure) [Pa/s]
120,3 mb,DZDT,3 hour fcst,Vertical Velocity (Geometric) [m/s]
121,3 mb,UGRD,3 hour fcst,U-Component of Wind [m/s]
122,3 mb,VGRD,3 hour fcst,V-Component of Wind [m/s]
123,3 mb,ABSV,3 hour fcst,Absolute Vorticity [1/s]
124,3 mb,O3MR,3 hour fcst,Ozone Mixing Ratio [kg/kg]
125,5 mb,HGT,3 hour fcst,Geopotential Height [gpm]
126,5 mb,TMP,3 hour fcst,Temperature [K]
127,5 mb,RH,3 hour fcst,Relative Humidity [%]
128,5 mb,SPFH,3 hour fcst,Specific Humidity [kg/kg]
129,5 mb,VVEL,3 hour fcst,Vertical Velocity (Pressure) [Pa/s]
130,5 mb,DZDT,3 hour fcst,Vertical Velocity (Geometric) [m/s]
131,5 mb,UGRD,3 hour fcst,U-Component of Wind [m/s]
132,5 mb,VGRD,3 hour fcst,V-Component of Wind [m/s]
133,5 mb,ABSV,3 hour fcst,Absolute Vorticity [1/s]
134,5 mb,O3MR,3 hour fcst,Ozone Mixing Ratio [kg/kg]
135,7 mb,HGT,3 hour fcst,Geopotential Height [gpm]
136,7 mb,TMP,3 hour fcst,Temperature [K]
137,7 mb,RH,3 hour fcst,Relative Humidity [%]
138,7 mb,SPFH,3 hour fcst,Specific Humidity [kg/kg]
139,7 mb,VVEL,3 hour fcst,Vertical Velocity (Pressure) [Pa/s]
140,7 mb,DZDT,3 hour fcst,Vertical Velocity (Geometric) [m/s]
141,7 mb,UGRD,3 hour fcst,U-Component of Wind [m/s]
142,7 mb,VGRD,3 hour fcst,V-Component of Wind [m/s]
143,7 mb,ABSV,3 hour fcst,Absolute Vorticity [1/s]
144,7 mb,O3MR,3 hour fcst,Ozone Mixing Ratio [kg/kg]
145,10 mb,HGT,3 hour fcst,Geopotential Height [gpm]
146,10 mb,TMP,3 hour fcst,Temperature [K]
147,10 mb,RH,3 hour fcst,Relative Humidity [%]
148,10 mb,SPFH,3 hour fcst,Specific Humidity [kg/kg]
149,10 mb,VVEL,3 hour fcst,Vertical Velocity (Pressure) [Pa/s]
150,10 mb,DZDT,3 hour fcst,Vertical Velocity (Geometric) [m/s]
151,10 mb,UGRD,3 hour fcst,U-Component of Wind [m/s]
152,10 mb,VGRD,3 hour fcst,V-Component of Wind [m/s]
153,10 mb,ABSV,3 hour fcst,Absolute Vorticity [1/s]
154,10 mb,O3MR,3 hour fcst,Ozone Mixing Ratio [kg/kg]
155,15 mb,HGT,3 hour fcst,Geopotential Height [gpm]
156,15 mb,TMP,3 hour fcst,Temperature [K]
157,15 mb,RH,3 hour fcst,Relative Humidity [%]
158,15 mb,SPFH,3 hour fcst,Specific Humidity [kg/kg]
159,15 mb,VVEL,3 hour fcst,Vertical Velocity (Pressure) [Pa/s]
160,15 mb,DZDT,3 hour fcst,Vertical Velocity (Geometric) [m/s]
161,15 mb,UGRD,3 hour fcst,U-Component of Wind [m/s]
162,15 mb,VGRD,3 hour fcst,V-Component of Wind [m/s]
163,15 mb,ABSV,3 hour fcst,Absolute Vorticity [1/s]
164,15 mb,O3MR,3 hour fcst,Ozone Mixing Ratio [kg/kg]
165,20 mb,HGT,3 hour fcst,Geopotential Height [gpm]
166,20 mb,TMP,3 hour fcst,Temperature [K]
167,20 mb,RH,3 hour fcst,Relative Humidity [%]
168,20 mb,SPFH,3 hour fcst,Specific Humidity [kg/kg]
169,20 mb,VVEL,3 hour fcst,Vertical Velocity (Pressure) [Pa/s]
170,20 mb,DZDT,3 hour fcst,Vertical Velocity (Geometric) [m/s]
171,20 mb,UGRD,3 hour fcst,U-Component of Wind [m/s]
172,20 mb,VGRD,3 hour fcst,V-Component of Wind [m/s]
173,20 mb,ABSV,3 hour fcst,Absolute Vorticity [1/s]
174,20 mb,O3MR,3 hour fcst,Ozone Mixing Ratio [kg/kg]
175,30 mb,HGT,3 hour fcst,Geopotential Height [gpm]
176,30 mb,TMP,3 hour fcst,Temperature [K]
177,30 mb,RH,3 hour fcst,Relative Humidity [%]
178,30 mb,SPFH,3 hour fcst,Specific Humidity [kg/kg]
179,30 mb,VVEL,3 hour fcst,Vertical Velocity (Pressure) [Pa/s]
180,30 mb,DZDT,3 hour fcst,Vertical Velocity (Geometric) [m/s]
181,30 mb,UGRD,3 hour fcst,U-Component of Wind [m/s]
182,30 mb,VGRD,3 hour fcst,V-Component of Wind [m/s]
183,30 mb,ABSV,3 hour fcst,Absolute Vorticity [1/s]
184,30 mb,O3MR,3 hour fcst,Ozone Mixing Ratio [kg/kg]
185,40 mb,HGT,3 hour fcst,Geopotential Height [gpm]
186,40 mb,TMP,3 hour fcst,Temperature [K]
187,40 mb,RH,3 hour fcst,Relative Humidity [%]
188,40 mb,SPFH,3 hour fcst,Specific Humidity [kg/kg]
189,40 mb,VVEL,3 hour fcst,Vertical Velocity (Pressure) [Pa/s]
190,40 mb,DZDT,3 hour fcst,Vertical Velocity (Geometric) [m/s]
191,40 mb,UGRD,3 hour fcst,U-Component of Wind [m/s]
192,40 mb,VGRD,3 hour fcst,V-Component of Wind [m/s]
193,40 mb,ABSV,3 hour fcst,Absolute Vorticity [1/s]
194,40 mb,O3MR,3 hour fcst,Ozone Mixing Ratio [kg/kg]
195,50 mb,HGT,3 hour fcst,Geopotential Height [gpm]
196,50 mb,TMP,3 hour fcst,Temperature [K]
197,50 mb,RH,3 hour fcst,Relative Humidity [%]
198,50 mb,TCDC,3 hour fcst,Total Cloud Cover [%]
199,50 mb,SPFH,3 hour fcst,Specific Humidity [kg/kg]
200,50 mb,VVEL,3 hour fcst,Vertical Velocity (Pressure) [Pa/s]
201,50 mb,DZDT,3 hour fcst,Vertical Velocity (Geometric) [m/s]
202,50 mb,UGRD,3 hour fcst,U-Component of Wind [m/s]
203,50 mb,VGRD,3 hour fcst,V-Component of Wind [m/s]
204,50 mb,ABSV,3 hour fcst,Absolute Vorticity [1/s]
205,50 mb,CLWMR,3 hour fcst,Cloud Mixing Ratio [kg/kg]
206,50 mb,ICMR,3 hour fcst,Ice Water Mixing Ratio [kg/kg]
207,50 mb,RWMR,3 hour fcst,Rain Mixing Ratio [kg/kg]
208,50 mb,SNMR,3 hour fcst,Snow Mixing Ratio [kg/kg]
209,50 mb,GRLE,3 hour fcst,Graupel [kg/kg]
210,50 mb,O3MR,3 hour fcst,Ozone Mixing Ratio [kg/kg]
211,70 mb,HGT,3 hour fcst,Geopotential Height [gpm]
212,70 mb,TMP,3 hour fcst,Temperature [K]
213,70 mb,RH,3 hour fcst,Relative Humidity [%]
214,70 mb,SPFH,3 hour fcst,Specific Humidity [kg/kg]
215,70 mb,VVEL,3 hour fcst,Vertical Velocity (Pressure) [Pa/s]
216,70 mb,DZDT,3 hour fcst,Vertical Velocity (Geometric) [m/s]
217,70 mb,UGRD,3 hour fcst,U-Component of Wind [m/s]
218,70 mb,VGRD,3 hour fcst,V-Component of Wind [m/s]
219,70 mb,ABSV,3 hour fcst,Absolute Vorticity [1/s]
220,70 mb,O3MR,3 hour fcst,Ozone Mixing Ratio [kg/kg]
221,100 mb,HGT,3 hour fcst,Geopotential Height [gpm]
222,100 mb,TMP,3 hour fcst,Temperature [K]
223,100 mb,RH,3 hour fcst,Relative Humidity [%]
224,100 mb,TCDC,3 hour fcst,Total Cloud Cover [%]
225,100 mb,SPFH,3 hour fcst,Specific Humidity [kg/kg]
226,100 mb,VVEL,3 hour fcst,Vertical Velocity (Pressure) [Pa/s]
227,100 mb,DZDT,3 hour fcst,Vertical Velocity (Geometric) [m/s]
228,100 mb,UGRD,3 hour fcst,U-Component of Wind [m/s]
229,100 mb,VGRD,3 hour fcst,V-Component of Wind [m/s]
230,100 mb,ABSV,3 hour fcst,Absolute Vorticity [1/s]
231,100 mb,CLWMR,3 hour fcst,Cloud Mixing Ratio [kg/kg]
232,100 mb,ICMR,3 hour fcst,Ice Water Mixing Ratio [kg/kg]
233,100 mb,RWMR,3 hour fcst,Rain Mixing Ratio [kg/kg]
234,100 mb,SNMR,3 hour fcst,Snow Mixing Ratio [kg/kg]
235,100 mb,GRLE,3 hour fcst,Graupel [kg/kg]
236,100 mb,O3MR,3 hour fcst,Ozone Mixing Ratio [kg/kg]
237,150 mb,HGT,3 hour fcst,Geopotential Height [gpm]
238,150 mb,TMP,3 hour fcst,Temperature [K]
239,150 mb,RH,3 hour fcst,Relative Humidity [%]
240,150 mb,TCDC,3 hour fcst,Total Cloud Cover [%]
241,150 mb,SPFH,3 hour fcst,Specific Humidity [kg/kg]
242,150 mb,VVEL,3 hour fcst,Vertical Velocity (Pressure) [Pa/s]
243,150 mb,DZDT,3 hour fcst,Vertical Velocity (Geometric) [m/s]
244,150 mb,UGRD,3 hour fcst,U-Component of Wind [m/s]
245,150 mb,VGRD,3 hour fcst,V-Component of Wind [m/s]
246,150 mb,ABSV,3 hour fcst,Absolute Vorticity [1/s]
247,150 mb,CLWMR,3 hour fcst,Cloud Mixing Ratio [kg/kg]
248,150 mb,ICMR,3 hour fcst,Ice Water Mixing Ratio [kg/kg]
249,150 mb,RWMR,3 hour fcst,Rain Mixing Ratio [kg/kg]
250,150 mb,SNMR,3 hour fcst,Snow Mixing Ratio [kg/kg]
251,150 mb,GRLE,3 hour fcst,Graupel [kg/kg]
252,150 mb,O3MR,3 hour fcst,Ozone Mixing Ratio [kg/kg]
253,200 mb,HGT,3 hour fcst,Geopotential Height [gpm]
254,200 mb,TMP,3 hour fcst,Temperature [K]
255,200 mb,RH,3 hour fcst,Relative Humidity [%]
256,200 mb,TCDC,3 hour fcst,Total Cloud Cover [%]
257,200 mb,SPFH,3 hour fcst,Specific Humidity [kg/kg]
258,200 mb,VVEL,3 hour fcst,Vertical Velocity (Pressure) [Pa/s]
259,200 mb,DZDT,3 hour fcst,Vertical Velocity (Geometric) [m/s]
260,200 mb,UGRD,3 hour fcst,U-Component of Wind [m/s]
261,200 mb,VGRD,3 hour fcst,V-Component of Wind [m/s]
262,200 mb,ABSV,3 hour fcst,Absolute Vorticity [1/s]
263,200 mb,CLWMR,3 hour fcst,Cloud Mixing Ratio [kg/kg]
264,200 mb,ICMR,3 hour fcst,Ice Water Mixing Ratio [kg/kg]
265,200 mb,RWMR,3 hour fcst,Rain Mixing Ratio [kg/kg]
266,200 mb,SNMR,3 hour fcst,Snow Mixing Ratio [kg/kg]
267,200 mb,GRLE,3 hour fcst,Graupel [kg/kg]
268,200 mb,O3MR,3 hour fcst,Ozone Mixing Ratio [kg/kg]
269,250 mb,HGT,3 hour fcst,Geopotential Height [gpm]
270,250 mb,TMP,3 hour fcst,Temperature [K]
271,250 mb,RH,3 hour fcst,Relative Humidity [%]
272,250 mb,TCDC,3 hour fcst,Total Cloud Cover [%]
273,250 mb,SPFH,3 hour fcst,Specific Humidity [kg/kg]
274,250 mb,VVEL,3 hour fcst,Vertical Velocity (Pressure) [Pa/s]
275,250 mb,DZDT,3 hour fcst,Vertical Velocity (Geometric) [m/s]
276,250 mb,UGRD,3 hour fcst,U-Component of Wind [m/s]
277,250 mb,VGRD,3 hour fcst,V-Component of Wind [m/s]
278,250 mb,ABSV,3 hour fcst,Absolute Vorticity [1/s]
279,250 mb,CLWMR,3 hour fcst,Cloud Mixing Ratio [kg/kg]
280,250 mb,ICMR,3 hour fcst,Ice Water Mixing Ratio [kg/kg]
281,250 mb,RWMR,3 hour fcst,Rain Mixing Ratio [kg/kg]
282,250 mb,SNMR,3 hour fcst,Snow Mixing Ratio [kg/kg]
283,250 mb,GRLE,3 hour fcst,Graupel [kg/kg]
284,250 mb,O3MR,3 hour fcst,Ozone Mixing Ratio [kg/kg]
285,300 mb,HGT,3 hour fcst,Geopotential Height [gpm]
286,300 mb,TMP,3 hour fcst,Temperature [K]
287,300 mb,RH,3 hour fcst,Relative Humidity [%]
288,300 mb,TCDC,3 hour fcst,Total Cloud Cover [%]
289,300 mb,SPFH,3 hour fcst,Specific Humidity [kg/kg]
290,300 mb,VVEL,3 hour fcst,Vertical Velocity (Pressure) [Pa/s]
291,300 mb,DZDT,3 hour fcst,Vertical Velocity (Geometric) [m/s]
292,300 mb,UGRD,3 hour fcst,U-Component of Wind [m/s]
293,300 mb,VGRD,3 hour fcst,V-Component of Wind [m/s]
294,300 mb,ABSV,3 hour fcst,Absolute Vorticity [1/s]
295,300 mb,CLWMR,3 hour fcst,Cloud Mixing Ratio [kg/kg]
296,300 mb,ICMR,3 hour fcst,Ice Water Mixing Ratio [kg/kg]
297,300 mb,RWMR,3 hour fcst,Rain Mixing Ratio [kg/kg]
298,300 mb,SNMR,3 hour fcst,Snow Mixing Ratio [kg/kg]
299,300 mb,GRLE,3 hour fcst,Graupel [kg/kg]
300,300 mb,O3MR,3 hour fcst,Ozone Mixing Ratio [kg/kg]
301,350 mb,HGT,3 hour fcst,Geopotential Height [gpm]
302,350 mb,TMP,3 hour fcst,Temperature [K]
303,350 mb,RH,3 hour fcst,Relative Humidity [%]
304,350 mb,TCDC,3 hour fcst,Total Cloud Cover [%]
305,350 mb,SPFH,3 hour fcst,Specific Humidity [kg/kg]
306,350 mb,VVEL,3 hour fcst,Vertical Velocity (Pressure) [Pa/s]
307,350 mb,DZDT,3 hour fcst,Vertical Velocity (Geometric) [m/s]
308,350 mb,UGRD,3 hour fcst,U-Component of Wind [m/s]
309,350 mb,VGRD,3 hour fcst,V-Component of Wind [m/s]
310,350 mb,ABSV,3 hour fcst,Absolute Vorticity [1/s]
311,350 mb,CLWMR,3 hour fcst,Cloud Mixing Ratio [kg/kg]
312,350 mb,ICMR,3 hour fcst,Ice Water Mixing Ratio [kg/kg]
313,350 mb,RWMR,3 hour fcst,Rain Mixing Ratio [kg/kg]
314,350 mb,SNMR,3 hour fcst,Snow Mixing Ratio [kg/kg]
315,350 mb,GRLE,3 hour fcst,Graupel [kg/kg]
316,350 mb,O3MR,3 hour fcst,Ozone Mixing Ratio [kg/kg]
317,400 mb,HGT,3 hour fcst,Geopotential Height [gpm]
318,400 mb,TMP,3 hour fcst,Temperature [K]
319,400 mb,RH,3 hour fcst,Relative Humidity [%]
320,400 mb,TCDC,3 hour fcst,Total Cloud Cover [%]
321,400 mb,SPFH,3 hour fcst,Specific Humidity [kg/kg]
322,400 mb,VVEL,3 hour fcst,Vertical Velocity (Pressure) [Pa/s]
323,400 mb,DZDT,3 hour fcst,Vertical Velocity (Geometric) [m/s]
324,400 mb,UGRD,3 hour fcst,U-Component of Wind [m/s]
325,400 mb,VGRD,3 hour fcst,V-Component of Wind [m/s]
326,400 mb,ABSV,3 hour fcst,Absolute Vorticity [1/s]
327,400 mb,CLWMR,3 hour fcst,Cloud Mixing Ratio [kg/kg]
328,400 mb,ICMR,3 hour fcst,Ice Water Mixing Ratio [kg/kg]
329,400 mb,RWMR,3 hour fcst,Rain Mixing Ratio [kg/kg]
330,400 mb,SNMR,3 hour fcst,Snow Mixing Ratio [kg/kg]
331,400 mb,GRLE,3 hour fcst,Graupel [kg/kg]
332,400 mb,O3MR,3 hour fcst,Ozone Mixing Ratio [kg/kg]
333,450 mb,HGT,3 hour fcst,Geopotential Height [gpm]
334,450 mb,TMP,3 hour fcst,Temperature [K]
335,450 mb,RH,3 hour fcst,Relative Humidity [%]
336,450 mb,TCDC,3 hour fcst,Total Cloud Cover [%]
337,450 mb,SPFH,3 hour fcst,Specific Humidity [kg/kg]
338,450 mb,VVEL,3 hour fcst,Vertical Velocity (Pressure) [Pa/s]
339,450 mb,DZDT,3 hour fcst,Vertical Velocity (Geometric) [m/s]
340,450 mb,UGRD,3 hour fcst,U-Component of Wind [m/s]
341,450 mb,VGRD,3 hour fcst,V-Component of Wind [m/s]
342,450 mb,ABSV,3 hour fcst,Absolute Vorticity [1/s]
343,450 mb,CLWMR,3 hour fcst,Cloud Mixing Ratio [kg/kg]
344,450 mb,ICMR,3 hour fcst,Ice Water Mixing Ratio [kg/kg]
345,450 mb,RWMR,3 hour fcst,Rain Mixing Ratio [kg/kg]
346,450 mb,SNMR,3 hour fcst,Snow Mixing Ratio [kg/kg]
347,450 mb,GRLE,3 hour fcst,Graupel [kg/kg]
348,450 mb,O3MR,3 hour fcst,Ozone Mixing Ratio [kg/kg]
349,500 mb,HGT,3 hour fcst,Geopotential Height [gpm]
350,500 mb,TMP,3 hour fcst,Temperature [K]
351,500 mb,RH,3 hour fcst,Relative Humidity [%]
352,500 mb,TCDC,3 hour fcst,Total Cloud Cover [%]
353,500 mb,SPFH,3 hour fcst,Specific Humidity [kg/kg]
354,500 mb,VVEL,3 hour fcst,Vertical Velocity (Pressure) [Pa/s]
355,500 mb,DZDT,3 hour fcst,Vertical Velocity (Geometric) [m/s]
356,500 mb,UGRD,3 hour fcst,U-Component of Wind [m/s]
357,500 mb,VGRD,3 hour fcst,V-Component of Wind [m/s]
358,500 mb,ABSV,3 hour fcst,Absolute Vorticity [1/s]
359,500 mb,CLWMR,3 hour fcst,Cloud Mixing Ratio [kg/kg]
360,500 mb,ICMR,3 hour fcst,Ice Water Mixing Ratio [kg/kg]
361,500 mb,RWMR,3 hour fcst,Rain Mixing Ratio [kg/kg]
362,500 mb,SNMR,3 hour fcst,Snow Mixing Ratio [kg/kg]
363,500 mb,GRLE,3 hour fcst,Graupel [kg/kg]
364,500 mb,O3MR,3 hour fcst,Ozone Mixing Ratio [kg/kg]
365,550 mb,HGT,3 hour fcst,Geopotential Height [gpm]
366,550 mb,TMP,3 hour fcst,Temperature [K]
367,550 mb,RH,3 hour fcst,Relative Humidity [%]
368,550 mb,TCDC,3 hour fcst,Total Cloud Cover [%]
369,550 mb,SPFH,3 hour fcst,Specific Humidity [kg/kg]
370,550 mb,VVEL,3 hour fcst,Vertical Velocity (Pressure) [Pa/s]
371,550 mb,DZDT,3 hour fcst,Vertical Velocity (Geometric) [m/s]
372,550 mb,UGRD,3 hour fcst,U-Component of Wind [m/s]
373,550 mb,VGRD,3 hour fcst,V-Component of Wind [m/s]
374,550 mb,ABSV,3 hour fcst,Absolute Vorticity [1/s]
375,550 mb,CLWMR,3 hour fcst,Cloud Mixing Ratio [kg/kg]
376,550 mb,ICMR,3 hour fcst,Ice Water Mixing Ratio [kg/kg]
377,550 mb,RWMR,3 hour fcst,Rain Mixing Ratio [kg/kg]
378,550 mb,SNMR,3 hour fcst,Snow Mixing Ratio [kg/kg]
379,550 mb,GRLE,3 hour fcst,Graupel [kg/kg]
380,550 mb,O3MR,3 hour fcst,Ozone Mixing Ratio [kg/kg]
381,600 mb,HGT,3 hour fcst,Geopotential Height [gpm]
382,600 mb,TMP,3 hour fcst,Temperature [K]
383,600 mb,RH,3 hour fcst,Relative Humidity [%]
384,600 mb,TCDC,3 hour fcst,Total Cloud Cover [%]
385,600 mb,SPFH,3 hour fcst,Specific Humidity [kg/kg]
386,600 mb,VVEL,3 hour fcst,Vertical Velocity (Pressure) [Pa/s]
387,600 mb,DZDT,3 hour fcst,Vertical Velocity (Geometric) [m/s]
388,600 mb,UGRD,3 hour fcst,U-Component of Wind [m/s]
389,600 mb,VGRD,3 hour fcst,V-Component of Wind [m/s]
390,600 mb,ABSV,3 hour fcst,Absolute Vorticity [1/s]
391,600 mb,CLWMR,3 hour fcst,Cloud Mixing Ratio [kg/kg]
392,600 mb,ICMR,3 hour fcst,Ice Water Mixing Ratio [kg/kg]
393,600 mb,RWMR,3 hour fcst,Rain Mixing Ratio [kg/kg]
394,600 mb,SNMR,3 hour fcst,Snow Mixing Ratio [kg/kg]
395,600 mb,GRLE,3 hour fcst,Graupel [kg/kg]
396,600 mb,O3MR,3 hour fcst,Ozone Mixing Ratio [kg/kg]
397,650 mb,HGT,3 hour fcst,Geopotential Height [gpm]
398,650 mb,TMP,3 hour fcst,Temperature [K]
399,650 mb,RH,3 hour fcst,Relative Humidity [%]
400,650 mb,TCDC,3 hour fcst,Total Cloud Cover [%]
401,650 mb,SPFH,3 hour fcst,Specific Humidity [kg/kg]
402,650 mb,VVEL,3 hour fcst,Vertical Velocity (Pressure) [Pa/s]
403,650 mb,DZDT,3 hour fcst,Vertical Velocity (Geometric) [m/s]
404,650 mb,UGRD,3 hour fcst,U-Component of Wind [m/s]
405,650 mb,VGRD,3 hour fcst,V-Component of Wind [m/s]
406,650 mb,ABSV,3 hour fcst,Absolute Vorticity [1/s]
407,650 mb,CLWMR,3 hour fcst,Cloud Mixing Ratio [kg/kg]
408,650 mb,ICMR,3 hour fcst,Ice Water Mixing Ratio [kg/kg]
409,650 mb,RWMR,3 hour fcst,Rain Mixing Ratio [kg/kg]
410,650 mb,SNMR,3 hour fcst,Snow Mixing Ratio [kg/kg]
411,650 mb,GRLE,3 hour fcst,Graupel [kg/kg]
412,650 mb,O3MR,3 hour fcst,Ozone Mixing Ratio [kg/kg]
413,700 mb,HGT,3 hour fcst,Geopotential Height [gpm]
414,700 mb,TMP,3 hour fcst,Temperature [K]
415,700 mb,RH,3 hour fcst,Relative Humidity [%]
416,700 mb,TCDC,3 hour fcst,Total Cloud Cover [%]
417,700 mb,SPFH,3 hour fcst,Specific Humidity [kg/kg]
418,700 mb,VVEL,3 hour fcst,Vertical Velocity (Pressure) [Pa/s]
419,700 mb,DZDT,3 hour fcst,Vertical Velocity (Geometric) [m/s]
420,700 mb,UGRD,3 hour fcst,U-Component of Wind [m/s]
421,700 mb,VGRD,3 hour fcst,V-Component of Wind [m/s]
422,700 mb,ABSV,3 hour fcst,Absolute Vorticity [1/s]
423,700 mb,CLWMR,3 hour fcst,Cloud Mixing Ratio [kg/kg]
424,700 mb,ICMR,3 hour fcst,Ice Water Mixing Ratio [kg/kg]
425,700 mb,RWMR,3 hour fcst,Rain Mixing Ratio [kg/kg]
426,700 mb,SNMR,3 hour fcst,Snow Mixing Ratio [kg/kg]
427,700 mb,GRLE,3 hour fcst,Graupel [kg/kg]
428,700 mb,O3MR,3 hour fcst,Ozone Mixing Ratio [kg/kg]
429,750 mb,HGT,3 hour fcst,Geopotential Height [gpm]
430,750 mb,TMP,3 hour fcst,Temperature [K]
431,750 mb,RH,3 hour fcst,Relative Humidity [%]
432,750 mb,TCDC,3 hour fcst,Total Cloud Cover [%]
433,750 mb,SPFH,3 hour fcst,Specific Humidity [kg/kg]
434,750 mb,VVEL,3 hour fcst,Vertical Velocity (Pressure) [Pa/s]
435,750 mb,DZDT,3 hour fcst,Vertical Velocity (Geometric) [m/s]
436,750 mb,UGRD,3 hour fcst,U-Component of Wind [m/s]
437,750 mb,VGRD,3 hour fcst,V-Component of Wind [m/s]
438,750 mb,ABSV,3 hour fcst,Absolute Vorticity [1/s]
439,750 mb,CLWMR,3 hour fcst,Cloud Mixing Ratio [kg/kg]
440,750 mb,ICMR,3 hour fcst,Ice Water Mixing Ratio [kg/kg]
441,750 mb,RWMR,3 hour fcst,Rain Mixing Ratio [kg/kg]
442,750 mb,SNMR,3 hour fcst,Snow Mixing Ratio [kg/kg]
443,750 mb,GRLE,3 hour fcst,Graupel [kg/kg]
444,750 mb,O3MR,3 hour fcst,Ozone Mixing Ratio [kg/kg]
445,800 mb,HGT,3 hour fcst,Geopotential Height [gpm]
446,800 mb,TMP,3 hour fcst,Temperature [K]
447,800 mb,RH,3 hour fcst,Relative Humidity [%]
448,800 mb,TCDC,3 hour fcst,Total Cloud Cover [%]
449,800 mb,SPFH,3 hour fcst,Specific Humidity [kg/kg]
450,800 mb,VVEL,3 hour fcst,Vertical Velocity (Pressure) [Pa/s]
451,800 mb,DZDT,3 hour fcst,Vertical Velocity (Geometric) [m/s]
452,800 mb,UGRD,3 hour fcst,U-Component of Wind [m/s]
453,800 mb,VGRD,3 hour fcst,V-Component of Wind [m/s]
454,800 mb,ABSV,3 hour fcst,Absolute Vorticity [1/s]
455,800 mb,CLWMR,3 hour fcst,Cloud Mixing Ratio [kg/kg]
456,800 mb,ICMR,3 hour fcst,Ice Water Mixing Ratio [kg/kg]
457,800 mb,RWMR,3 hour fcst,Rain Mixing Ratio [kg/kg]
458,800 mb,SNMR,3 hour fcst,Snow Mixing Ratio [kg/kg]
459,800 mb,GRLE,3 hour fcst,Graupel [kg/kg]
460,800 mb,O3MR,3 hour fcst,Ozone Mixing Ratio [kg/kg]
461,850 mb,HGT,3 hour fcst,Geopotential Height [gpm]
462,850 mb,TMP,3 hour fcst,Temperature [K]
463,850 mb,RH,3 hour fcst,Relative Humidity [%]
464,850 mb,TCDC,3 hour fcst,Total Cloud Cover [%]
465,850 mb,SPFH,3 hour fcst,Specific Humidity [kg/kg]
466,850 mb,VVEL,3 hour fcst,Vertical Velocity (Pressure) [Pa/s]
467,850 mb,DZDT,3 hour fcst,Vertical Velocity (Geometric) [m/s]
468,850 mb,UGRD,3 hour fcst,U-Component of Wind [m/s]
469,850 mb,VGRD,3 hour fcst,V-Component of Wind [m/s]
470,850 mb,ABSV,3 hour fcst,Absolute Vorticity [1/s]
471,850 mb,CLWMR,3 hour fcst,Cloud Mixing Ratio [kg/kg]
472,850 mb,ICMR,3 hour fcst,Ice Water Mixing Ratio [kg/kg]
473,850 mb,RWMR,3 hour fcst,Rain Mixing Ratio [kg/kg]
474,850 mb,SNMR,3 hour fcst,Snow Mixing Ratio [kg/kg]
475,850 mb,GRLE,3 hour fcst,Graupel [kg/kg]
476,850 mb,O3MR,3 hour fcst,Ozone Mixing Ratio [kg/kg]
477,900 mb,HGT,3 hour fcst,Geopotential Height [gpm]
478,900 mb,TMP,3 hour fcst,Temperature [K]
479,900 mb,RH,3 hour fcst,Relative Humidity [%]
480,900 mb,TCDC,3 hour fcst,Total Cloud Cover [%]
481,900 mb,SPFH,3 hour fcst,Specific Humidity [kg/kg]
482,900 mb,VVEL,3 hour fcst,Vertical Velocity (Pressure) [Pa/s]
483,900 mb,DZDT,3 hour fcst,Vertical Velocity (Geometric) [m/s]
484,900 mb,UGRD,3 hour fcst,U-Component of Wind [m/s]
485,900 mb,VGRD,3 hour fcst,V-Component of Wind [m/s]
486,900 mb,ABSV,3 hour fcst,Absolute Vorticity [1/s]
487,900 mb,CLWMR,3 hour fcst,Cloud Mixing Ratio [kg/kg]
488,900 mb,ICMR,3 hour fcst,Ice Water Mixing Ratio [kg/kg]
489,900 mb,RWMR,3 hour fcst,Rain Mixing Ratio [kg/kg]
490,900 mb,SNMR,3 hour fcst,Snow Mixing Ratio [kg/kg]
491,900 mb,GRLE,3 hour fcst,Graupel [kg/kg]
492,900 mb,O3MR,3 hour fcst,Ozone Mixing Ratio [kg/kg]
493,925 mb,HGT,3 hour fcst,Geopotential Height [gpm]
494,925 mb,TMP,3 hour fcst,Temperature [K]
495,925 mb,RH,3 hour fcst,Relative Humidity [%]
496,925 mb,TCDC,3 hour fcst,Total Cloud Cover [%]
497,925 mb,SPFH,3 hour fcst,Specific Humidity [kg/kg]
498,925 mb,VVEL,3 hour fcst,Vertical Velocity (Pressure) [Pa/s]
499,925 mb,DZDT,3 hour fcst,Vertical Velocity (Geometric) [m/s]
500,925 mb,UGRD,3 hour fcst,U-Component of Wind [m/s]
501,925 mb,VGRD,3 hour fcst,V-Component of Wind [m/s]
502,925 mb,ABSV,3 hour fcst,Absolute Vorticity [1/s]
503,925 mb,CLWMR,3 hour fcst,Cloud Mixing Ratio [kg/kg]
504,925 mb,ICMR,3 hour fcst,Ice Water Mixing Ratio [kg/kg]
505,925 mb,RWMR,3 hour fcst,Rain Mixing Ratio [kg/kg]
506,925 mb,SNMR,3 hour fcst,Snow Mixing Ratio [kg/kg]
507,925 mb,GRLE,3 hour fcst,Graupel [kg/kg]
508,925 mb,O3MR,3 hour fcst,Ozone Mixing Ratio [kg/kg]
509,950 mb,HGT,3 hour fcst,Geopotential Height [gpm]
510,950 mb,TMP,3 hour fcst,Temperature [K]
511,950 mb,RH,3 hour fcst,Relative Humidity [%]
512,950 mb,TCDC,3 hour fcst,Total Cloud Cover [%]
513,950 mb,SPFH,3 hour fcst,Specific Humidity [kg/kg]
514,950 mb,VVEL,3 hour fcst,Vertical Velocity (Pressure) [Pa/s]
515,950 mb,DZDT,3 hour fcst,Vertical Velocity (Geometric) [m/s]
516,950 mb,UGRD,3 hour fcst,U-Component of Wind [m/s]
517,950 mb,VGRD,3 hour fcst,V-Component of Wind [m/s]
518,950 mb,ABSV,3 hour fcst,Absolute Vorticity [1/s]
519,950 mb,CLWMR,3 hour fcst,Cloud Mixing Ratio [kg/kg]
520,950 mb,ICMR,3 hour fcst,Ice Water Mixing Ratio [kg/kg]
521,950 mb,RWMR,3 hour fcst,Rain Mixing Ratio [kg/kg]
522,950 mb,SNMR,3 hour fcst,Snow Mixing Ratio [kg/kg]
523,950 mb,GRLE,3 hour fcst,Graupel [kg/kg]
524,950 mb,O3MR,3 hour fcst,Ozone Mixing Ratio [kg/kg]
525,surface,HINDEX,3 hour fcst,Haines Index [Numeric]
526,975 mb,HGT,3 hour fcst,Geopotential Height [gpm]
527,975 mb,TMP,3 hour fcst,Temperature [K]
528,975 mb,RH,3 hour fcst,Relative Humidity [%]
529,975 mb,TCDC,3 hour fcst,Total Cloud Cover [%]
530,975 mb,SPFH,3 hour fcst,Specific Humidity [kg/kg]
531,975 mb,VVEL,3 hour fcst,Vertical Velocity (Pressure) [Pa/s]
532,975 mb,DZDT,3 hour fcst,Vertical Velocity (Geometric) [m/s]
533,975 mb,UGRD,3 hour fcst,U-Component of Wind [m/s]
534,975 mb,VGRD,3 hour fcst,V-Component of Wind [m/s]
535,975 mb,ABSV,3 hour fcst,Absolute Vorticity [1/s]
536,975 mb,CLWMR,3 hour fcst,Cloud Mixing Ratio [kg/kg]
537,975 mb,ICMR,3 hour fcst,Ice Water Mixing Ratio [kg/kg]
538,975 mb,RWMR,3 hour fcst,Rain Mixing Ratio [kg/kg]
539,975 mb,SNMR,3 hour fcst,Snow Mixing Ratio [kg/kg]
540,975 mb,GRLE,3 hour fcst,Graupel [kg/kg]
541,975 mb,O3MR,3 hour fcst,Ozone Mixing Ratio [kg/kg]
542,1000 mb,TMP,3 hour fcst,Temperature [K]
543,1000 mb,RH,3 hour fcst,Relative Humidity [%]
544,1000 mb,TCDC,3 hour fcst,Total Cloud Cover [%]
545,1000 mb,SPFH,3 hour fcst,Specific Humidity [kg/kg]
546,1000 mb,VVEL,3 hour fcst,Vertical Velocity (Pressure) [Pa/s]
547,1000 mb,DZDT,3 hour fcst,Vertical Velocity (Geometric) [m/s]
548,1000 mb,UGRD,3 hour fcst,U-Component of Wind [m/s]
549,1000 mb,VGRD,3 hour fcst,V-Component of Wind [m/s]
550,1000 mb,ABSV,3 hour fcst,Absolute Vorticity [1/s]
551,1000 mb,CLWMR,3 hour fcst,Cloud Mixing Ratio [kg/kg]
552,1000 mb,ICMR,3 hour fcst,Ice Water Mixing Ratio [kg/kg]
553,1000 mb,RWMR,3 hour fcst,Rain Mixing Ratio [kg/kg]
554,1000 mb,SNMR,3 hour fcst,Snow Mixing Ratio [kg/kg]
555,1000 mb,GRLE,3 hour fcst,Graupel [kg/kg]
556,1000 mb,O3MR,3 hour fcst,Ozone Mixing Ratio [kg/kg]
557,mean sea level,MSLET M,3 hour fcst,(Eta model reduction) [Pa]
558,1000 mb,HGT,3 hour fcst,Geopotential Height [gpm]
559,4000 m above ground,REFD,3 hour fcst,Reflectivity [dB]
560,1000 m above ground,REFD,3 hour fcst,Reflectivity [dB]
561,surface,PRES,3 hour fcst,Pressure [Pa]
562,surface,HGT,3 hour fcst,Geopotential Height [gpm]
563,surface,TMP,3 hour fcst,Temperature [K]
564,0-0.1 m below ground,TSOIL,3 hour fcst,Soil Temperature [K]
565,0-0.1 m below ground,SOILW,3 hour fcst,Volumetric Soil Moisture Content [Fraction]
566,0-0.1 m below ground,SOILL,3 hour fcst,Liquid Volumetric Soil Moisture (non Frozen) [Proportion]
567,0.1-0.4 m below ground,TSOIL,3 hour fcst,Soil Temperature [K]
568,0.1-0.4 m below ground,SOILW,3 hour fcst,Volumetric Soil Moisture Content [Fraction]
569,0.1-0.4 m below ground,SOILL,3 hour fcst,Liquid Volumetric Soil Moisture (non Frozen) [Proportion]
570,0.4-1 m below ground,TSOIL,3 hour fcst,Soil Temperature [K]
571,0.4-1 m below ground,SOILW,3 hour fcst,Volumetric Soil Moisture Content [Fraction]
572,0.4-1 m below ground,SOILL,3 hour fcst,Liquid Volumetric Soil Moisture (non Frozen) [Proportion]
573,1-2 m below ground,TSOIL,3 hour fcst,Soil Temperature [K]
574,1-2 m below ground,SOILW,3 hour fcst,Volumetric Soil Moisture Content [Fraction]
575,1-2 m below ground,SOILL,3 hour fcst,Liquid Volumetric Soil Moisture (non Frozen) [Proportion]
576,surface,CNWAT,3 hour fcst,Plant Canopy Surface Water [kg/m^2]
577,surface,WEASD,3 hour fcst,Water Equivalent of Accumulated Snow Depth [kg/m^2]
578,surface,SNOD,3 hour fcst,Snow Depth [m]
579,surface,PEVPR,3 hour fcst,Potential Evaporation Rate [W/m^2]
580,surface,ICETK,3 hour fcst,Ice Thickness [m]
581,2 m above ground,TMP,3 hour fcst,Temperature [K]
582,2 m above ground,SPFH,3 hour fcst,Specific Humidity [kg/kg]
583,2 m above ground,DPT,3 hour fcst,Dew Point Temperature [K]
584,2 m above ground,RH,3 hour fcst,Relative Humidity [%]
585,2 m above ground,APTMP,3 hour fcst,Apparent Temperature [K]
586,2 m above ground,TMAX,0-3 hour max,Maximum Temperature [K]
587,2 m above ground,TMIN,0-3 hour min,Minimum Temperature [K]
588,10 m above ground,UGRD,3 hour fcst,U-Component of Wind [m/s]
589,10 m above ground,VGRD,3 hour fcst,V-Component of Wind [m/s]
590,10 m above mean sea level,ICEG,3 hour fcst,Ice Growth Rate [m/s]
591,surface,CPOFP,3 hour fcst,Percent frozen precipitation [%]
592,surface,CPRAT,3 hour fcst,Convective Precipitation Rate [kg/m^2/s]
593,surface,PRATE,3 hour fcst,Precipitation Rate [kg/m^2/s]
594,surface,CPRAT,0-3 hour ave,Convective Precipitation Rate [kg/m^2/s]
595,surface,PRATE,0-3 hour ave,Precipitation Rate [kg/m^2/s]
596,surface,APCP,0-3 hour acc,Total Precipitation [kg/m^2]
597,surface,APCP,0-3 hour acc,Total Precipitation [kg/m^2]
598,surface,ACPCP,0-3 hour acc,Convective Precipitation [kg/m^2]
599,surface,ACPCP,0-3 hour acc,Convective Precipitation [kg/m^2]
600,surface,WATR,0-3 hour acc,Water Runoff [kg/m^2]
601,surface,CSNOW,3 hour fcst,Categorical Snow [-]
602,surface,CICEP,3 hour fcst,Categorical Ice Pellets [-]
603,surface,CFRZR,3 hour fcst,Categorical Freezing Rain [-]
604,surface,CRAIN,3 hour fcst,Categorical Rain [-]
605,surface,CSNOW,0-3 hour ave,Categorical Snow [-]
606,surface,CICEP,0-3 hour ave,Categorical Ice Pellets [-]
607,surface,CFRZR,0-3 hour ave,Categorical Freezing Rain [-]
608,surface,CRAIN,0-3 hour ave,Categorical Rain [-]
609,surface,LHTFL,0-3 hour ave,Latent Heat Net Flux [W/m^2]
610,surface,SHTFL,0-3 hour ave,Sensible Heat Net Flux [W/m^2]
611,surface,GFLUX,0-3 hour ave,Ground Heat Flux [W/m^2]
612,surface,UFLX,0-3 hour ave,"Momentum Flux, U-Component [N/m^2]"
613,surface,VFLX,0-3 hour ave,"Momentum Flux, V-Component [N/m^2]"
614,surface,SFCR,3 hour fcst,Surface Roughness [m]
615,surface,FRICV,3 hour fcst,Frictional Velocity [m/s]
616,surface,U-GWD,0-3 hour ave,Zonal Flux of Gravity Wave Stress [N/m^2]
617,surface,V-GWD,0-3 hour ave,Meridional Flux of Gravity Wave Stress [N/m^2]
618,surface,VEG,3 hour fcst,Vegetation [%]
619,surface,SOTYP,3 hour fcst,Soil Type [-]
620,surface,WILT,3 hour fcst,Wilting Point [Fraction]
621,surface,FLDCP,3 hour fcst,Field Capacity [Fraction]
622,surface,SUNSD,3 hour fcst,Sunshine Duration [s]
623,surface,LFTX,3 hour fcst,Surface Lifted Index [K]
624,surface,CAPE,3 hour fcst,Convective Available Potential Energy [J/kg]
625,surface,CIN,3 hour fcst,Convective Inhibition [J/kg]
626,entire atmosphere (considered as a single layer),PWAT,3 hour fcst,Precipitable Water [kg/m^2]
627,entire atmosphere (considered as a single layer),CWAT,3 hour fcst,Cloud Water [kg/m^2]
628,entire atmosphere (considered as a single layer),RH,3 hour fcst,Relative Humidity [%]
629,entire atmosphere (considered as a single layer),TOZNE,3 hour fcst,Total Ozone [DU]
630,low cloud layer,LCDC,3 hour fcst,Low Cloud Cover [%]
631,low cloud layer,LCDC,0-3 hour ave,Low Cloud Cover [%]
632,middle cloud layer,MCDC,3 hour fcst,Medium Cloud Cover [%]
633,middle cloud layer,MCDC,0-3 hour ave,Medium Cloud Cover [%]
634,high cloud layer,HCDC,3 hour fcst,High Cloud Cover [%]
635,high cloud layer,HCDC,0-3 hour ave,High Cloud Cover [%]
636,entire atmosphere,TCDC,3 hour fcst,Total Cloud Cover [%]
637,entire atmosphere,TCDC,0-3 hour ave,Total Cloud Cover [%]
638,cloud ceiling,HGT,3 hour fcst,Geopotential Height [gpm]
639,convective cloud bottom level,PRES,3 hour fcst,Pressure [Pa]
640,low cloud bottom level,PRES,0-3 hour ave,Pressure [Pa]
641,middle cloud bottom level,PRES,0-3 hour ave,Pressure [Pa]
642,high cloud bottom level,PRES,0-3 hour ave,Pressure [Pa]
643,convective cloud top level,PRES,3 hour fcst,Pressure [Pa]
644,low cloud top level,PRES,0-3 hour ave,Pressure [Pa]
645,middle cloud top level,PRES,0-3 hour ave,Pressure [Pa]
646,high cloud top level,PRES,0-3 hour ave,Pressure [Pa]
647,low cloud top level,TMP,0-3 hour ave,Temperature [K]
648,middle cloud top level,TMP,0-3 hour ave,Temperature [K]
649,high cloud top level,TMP,0-3 hour ave,Temperature [K]
650,convective cloud layer,TCDC,3 hour fcst,Total Cloud Cover [%]
651,boundary layer cloud layer,TCDC,0-3 hour ave,Total Cloud Cover [%]
652,entire atmosphere (considered as a single layer),CWORK,0-3 hour ave,Cloud Work Function [J/kg]
653,surface,DSWRF,0-3 hour ave,Downward Short-Wave Radiation Flux [W/m^2]
654,surface,DLWRF,0-3 hour ave,Downward Long-Wave Rad. Flux [W/m^2]
655,surface,USWRF,0-3 hour ave,Upward Short-Wave Radiation Flux [W/m^2]
656,surface,ULWRF,0-3 hour ave,Upward Long-Wave Rad. Flux [W/m^2]
657,top of atmosphere,USWRF,0-3 hour ave,Upward Short-Wave Radiation Flux [W/m^2]
658,top of atmosphere,ULWRF,0-3 hour ave,Upward Long-Wave Rad. Flux [W/m^2]
659,3000-0 m above ground,HLCY,3 hour fcst,Storm Relative Helicity [m^2/s^2]
660,6000-0 m above ground,USTM,3 hour fcst,U-Component Storm Motion [m/s]
661,6000-0 m above ground,VSTM,3 hour fcst,V-Component Storm Motion [m/s]
662,tropopause,PRES,3 hour fcst,Pressure [Pa]
663,tropopause,ICAHT I,3 hour fcst,Standard Atmosphere Reference Height [m]
664,tropopause,HGT,3 hour fcst,Geopotential Height [gpm]
665,tropopause,TMP,3 hour fcst,Temperature [K]
666,tropopause,UGRD,3 hour fcst,U-Component of Wind [m/s]
667,tropopause,VGRD,3 hour fcst,V-Component of Wind [m/s]
668,tropopause,VWSH,3 hour fcst,Vertical Speed Shear [1/s]
669,max wind,PRES,3 hour fcst,Pressure [Pa]
670,max wind,ICAHT I,3 hour fcst,Standard Atmosphere Reference Height [m]
671,max wind,HGT,3 hour fcst,Geopotential Height [gpm]
672,max wind,UGRD,3 hour fcst,U-Component of Wind [m/s]
673,max wind,VGRD,3 hour fcst,V-Component of Wind [m/s]
674,max wind,TMP,3 hour fcst,Temperature [K]
675,20 m above ground,UGRD,3 hour fcst,U-Component of Wind [m/s]
676,20 m above ground,VGRD,3 hour fcst,V-Component of Wind [m/s]
677,30 m above ground,UGRD,3 hour fcst,U-Component of Wind [m/s]
678,30 m above ground,VGRD,3 hour fcst,V-Component of Wind [m/s]
679,40 m above ground,UGRD,3 hour fcst,U-Component of Wind [m/s]
680,40 m above ground,VGRD,3 hour fcst,V-Component of Wind [m/s]
681,50 m above ground,UGRD,3 hour fcst,U-Component of Wind [m/s]
682,50 m above ground,VGRD,3 hour fcst,V-Component of Wind [m/s]
683,80 m above ground,TMP,3 hour fcst,Temperature [K]
684,80 m above ground,SPFH,3 hour fcst,Specific Humidity [kg/kg]
685,80 m above ground,PRES,3 hour fcst,Pressure [Pa]
686,80 m above ground,UGRD,3 hour fcst,U-Component of Wind [m/s]
687,80 m above ground,VGRD,3 hour fcst,V-Component of Wind [m/s]
688,100 m above ground,TMP,3 hour fcst,Temperature [K]
689,100 m above ground,UGRD,3 hour fcst,U-Component of Wind [m/s]
690,100 m above ground,VGRD,3 hour fcst,V-Component of Wind [m/s]
691,1829 m above mean sea level,TMP,3 hour fcst,Temperature [K]
692,1829 m above mean sea level,UGRD,3 hour fcst,U-Component of Wind [m/s]
693,1829 m above mean sea level,VGRD,3 hour fcst,V-Component of Wind [m/s]
694,2743 m above mean sea level,TMP,3 hour fcst,Temperature [K]
695,2743 m above mean sea level,UGRD,3 hour fcst,U-Component of Wind [m/s]
696,2743 m above mean sea level,VGRD,3 hour fcst,V-Component of Wind [m/s]
697,3658 m above mean sea level,TMP,3 hour fcst,Temperature [K]
698,3658 m above mean sea level,UGRD,3 hour fcst,U-Component of Wind [m/s]
699,3658 m above mean sea level,VGRD,3 hour fcst,V-Component of Wind [m/s]
700,0C isotherm,HGT,3 hour fcst,Geopotential Height [gpm]
701,0C isotherm,RH,3 hour fcst,Relative Humidity [%]
702,highest tropospheric freezing level,HGT,3 hour fcst,Geopotential Height [gpm]
703,highest tropospheric freezing level,RH,3 hour fcst,Relative Humidity [%]
704,30-0 mb above ground,TMP,3 hour fcst,Temperature [K]
705,30-0 mb above ground,RH,3 hour fcst,Relative Humidity [%]
706,30-0 mb above ground,SPFH,3 hour fcst,Specific Humidity [kg/kg]
707,30-0 mb above ground,UGRD,3 hour fcst,U-Component of Wind [m/s]
708,30-0 mb above ground,VGRD,3 hour fcst,V-Component of Wind [m/s]
709,surface,4LFTX,3 hour fcst,Best (4 layer) Lifted Index [K]
710,180-0 mb above ground,CAPE,3 hour fcst,Convective Available Potential Energy [J/kg]
711,180-0 mb above ground,CIN,3 hour fcst,Convective Inhibition [J/kg]
712,surface,HPBL,3 hour fcst,Planetary Boundary Layer Height [m]
713,0.33-1 sigma layer,RH,3 hour fcst,Relative Humidity [%]
714,0.44-1 sigma layer,RH,3 hour fcst,Relative Humidity [%]
715,0.72-0.94 sigma layer,RH,3 hour fcst,Relative Humidity [%]
716,0.44-0.72 sigma layer,RH,3 hour fcst,Relative Humidity [%]
717,0.995 sigma level,TMP,3 hour fcst,Temperature [K]
718,0.995 sigma level,POT,3 hour fcst,Potential Temperature [K]
719,0.995 sigma level,RH,3 hour fcst,Relative Humidity [%]
720,0.995 sigma level,UGRD,3 hour fcst,U-Component of Wind [m/s]
721,0.995 sigma level,VGRD,3 hour fcst,V-Component of Wind [m/s]
722,0.995 sigma level,VVEL,3 hour fcst,Vertical Velocity (Pressure) [Pa/s]
723,90-0 mb above ground,CAPE,3 hour fcst,Convective Available Potential Energy [J/kg]
724,90-0 mb above ground,CIN,3 hour fcst,Convective Inhibition [J/kg]
725,255-0 mb above ground,CAPE,3 hour fcst,Convective Available Potential Energy [J/kg]
726,255-0 mb above ground,CIN,3 hour fcst,Convective Inhibition [J/kg]
727,255-0 mb above ground,PLPL,3 hour fcst,Pressure of level from which parcel was lifted [Pa]
728,surface,LAND,3 hour fcst,"Land Cover (0=sea, 1=land) [Proportion]"
729,surface,ICEC,3 hour fcst,Ice Cover [Proportion]
730,surface,ALBDO,0-3 hour ave,Albedo [%]
731,surface,ICETMP,3 hour fcst,Ice Temperature [K]
732,PV=2e-06 (Km^2/kg/s) surface,UGRD,3 hour fcst,U-Component of Wind [m/s]
733,PV=2e-06 (Km^2/kg/s) surface,VGRD,3 hour fcst,V-Component of Wind [m/s]
734,PV=2e-06 (Km^2/kg/s) surface,TMP,3 hour fcst,Temperature [K]
735,PV=2e-06 (Km^2/kg/s) surface,HGT,3 hour fcst,Geopotential Height [gpm]
736,PV=2e-06 (Km^2/kg/s) surface,PRES,3 hour fcst,Pressure [Pa]
737,PV=2e-06 (Km^2/kg/s) surface,VWSH,3 hour fcst,Vertical Speed Shear [1/s]
738,PV=-2e-06 (Km^2/kg/s) surface,UGRD,3 hour fcst,U-Component of Wind [m/s]
739,PV=-2e-06 (Km^2/kg/s) surface,VGRD,3 hour fcst,V-Component of Wind [m/s]
740,PV=-2e-06 (Km^2/kg/s) surface,TMP,3 hour fcst,Temperature [K]
741,PV=-2e-06 (Km^2/kg/s) surface,HGT,3 hour fcst,Geopotential Height [gpm]
742,PV=-2e-06 (Km^2/kg/s) surface,PRES,3 hour fcst,Pressure [Pa]
743,PV=-2e-06 (Km^2/kg/s) surface,VWSH,3 hour fcst,Vertical Speed Shear [1/s]
